Advanced Web  ·  5+ YOE and deep specialisation,,,,,,,,,,
Not required at 3 YOE. Post-offer roadmap  plus the ceiling-test topics a senior interviewer may probe for a one-paragraph answer.,,,,,,,,,,
Legend,,Core 0–5,▸ Advanced,Branches,,,Drills,Courses,,Dashboard
#,Area,Section,Concept,YOE,Depth,Weight,What interviewers actually ask,Status,Score,My notes
1.0,Advanced Web,A1 — Advanced CSS,@property typed custom properties,3–5,E,Rare,Enables animating gradients and custom values,,,
2.0,Advanced Web,A1 — Advanced CSS,Container style queries,3–5,E,Rare,Still landing across browsers,,,
3.0,Advanced Web,A1 — Advanced CSS,View Transitions API ⚑,3–5,E,Rare,Cross-document and SPA transitions,,,
4.0,Advanced Web,A1 — Advanced CSS,@scope,3–5,E,Rare,,,,
5.0,Advanced Web,A1 — Advanced CSS,Anchor positioning,3–5,E,Rare,Native tooltip/popover placement,,,
6.0,Advanced Web,A1 — Advanced CSS,@starting-style & transitioning display,3–5,E,Rare,,,,
7.0,Advanced Web,A1 — Advanced CSS,Popover API,3–5,E,Rare,,,,
8.0,Advanced Web,A1 — Advanced CSS,Houdini (Paint / Layout / Properties APIs),5+,E,Rare,,,,
9.0,Advanced Web,A1 — Advanced CSS,Scroll-driven animations (animation-timeline),3–5,E,Rare,,,,
10.0,Advanced Web,A1 — Advanced CSS,FLIP technique,3–5,E,Rare,FEM's CSS Animations course; layout animation from first principles,,,
11.0,Advanced Web,A1 — Advanced CSS,Lerp / pointer-driven reactive animation,3–5,E,Rare,,,,
12.0,Advanced Web,A1 — Advanced CSS,SVG animation & SMIL; morphing,3–5,E,Rare,,,,
13.0,Advanced Web,A1 — Advanced CSS,Critical CSS extraction & inlining ⚑,3–5,E,Rare,Above-the-fold render optimisation,,,
14.0,Advanced Web,A1 — Advanced CSS,Zero-runtime CSS-in-JS (vanilla-extract  Panda  Linaria),3–5,E,Rare,,,,
15.0,Advanced Web,A1 — Advanced CSS,Building a design system from scratch: token pipeline  theming contract  docs site  versioning ⚑,3–5,B,Common,FEM: Design Systems v2 — real senior work,,,
16.0,Advanced Web,A1 — Advanced CSS,Full RTL / bidirectional layout support,3–5,E,Rare,,,,
17.0,Advanced Web,A1 — Advanced CSS,Colour science: OKLCH  wide gamut  perceptual uniformity,5+,E,Rare,,,,
18.0,Advanced Web,A2 — Advanced JavaScript & language internals,Symbol.toPrimitive & metaprogramming with well-known symbols,3–5,E,Rare,FEM Hard Parts v3's metaprogramming chapter,,,
19.0,Advanced Web,A2 — Advanced JavaScript & language internals,Proxy + Reflect for building reactive systems ⚑,3–5,B,Common,How Vue 3 and MobX work; a strong "how does reactivity work" answer,,,
20.0,Advanced Web,A2 — Advanced JavaScript & language internals,Async generators & for await…of,3–5,E,Rare,Streaming data,,,
21.0,Advanced Web,A2 — Advanced JavaScript & language internals,Iterators/generators for custom control flow & coroutines,3–5,E,Rare,,,,
22.0,Advanced Web,A2 — Advanced JavaScript & language internals,Tail calls  engine optimisation  hidden classes  inline caches,5+,E,Rare,FEM: Hardcore JS,,,
23.0,Advanced Web,A2 — Advanced JavaScript & language internals,Deoptimisation & megamorphic call sites,5+,E,Rare,,,,
24.0,Advanced Web,A2 — Advanced JavaScript & language internals,Typed arrays  ArrayBuffer  SharedArrayBuffer  Atomics,3–5,E,Rare,,,,
25.0,Advanced Web,A2 — Advanced JavaScript & language internals,WeakRef / FinalizationRegistry,5+,E,Rare,,,,
26.0,Advanced Web,A2 — Advanced JavaScript & language internals,Import maps & import attributes,3–5,E,Rare,,,,
27.0,Advanced Web,A2 — Advanced JavaScript & language internals,ReDoS / catastrophic backtracking,3–5,E,Rare,,,,
28.0,Advanced Web,A2 — Advanced JavaScript & language internals,Proper tail-recursive & trampolined recursion,5+,E,Rare,,,,
29.0,Advanced Web,A2 — Advanced JavaScript & language internals,Monads  functors  transducers  lenses,5+,E,Rare,FEM: Functional JavaScript v3,,,
30.0,Advanced Web,A2 — Advanced JavaScript & language internals,Algebraic data types & pattern matching in JS,5+,E,Rare,,,,
31.0,Advanced Web,A2 — Advanced JavaScript & language internals,Writing a parser / interpreter / compiler ⚑,5+,E,Rare,FEM: Building Your Own Programming Language,,,
32.0,Advanced Web,A2 — Advanced JavaScript & language internals,WebAssembly: what it is  when it wins  JS interop ⚑,3–5,E,Rare,Awareness answer is enough,,,
33.0,Advanced Web,A3 — Advanced React,useSyncExternalStore ⚑,3–5,B,Common,How Zustand/Redux subscribe safely under concurrent rendering,,,
34.0,Advanced Web,A3 — Advanced React,useImperativeHandle,3–5,E,Rare,,,,
35.0,Advanced Web,A3 — Advanced React,useDebugValue,3–5,E,Rare,,,,
36.0,Advanced Web,A3 — Advanced React,React Fiber internals: work loop  lanes  priority  time slicing ⚑,3–5,B,Common,The deep answer behind "concurrent rendering",,,
37.0,Advanced Web,A3 — Advanced React,The reconciler in depth; writing a custom renderer,5+,E,Rare,,,,
38.0,Advanced Web,A3 — Advanced React,React Server Components from scratch; the Flight protocol ⚑,3–5,E,Rare,FEM: Intermediate React v6 builds it by hand,,,
39.0,Advanced Web,A3 — Advanced React,SSR from scratch (renderToPipeableStream  hydration internals),3–5,E,Rare,,,,
40.0,Advanced Web,A3 — Advanced React,Selective hydration & streaming SSR,3–5,B,Common,,,,
41.0,Advanced Web,A3 — Advanced React,Islands architecture ⚑,3–5,D,Common,Astro; vs microfrontends,,,
42.0,Advanced Web,A3 — Advanced React,Suspense internals & cache primitives,5+,E,Rare,,,,
43.0,Advanced Web,A3 — Advanced React,The React Compiler's memoization model,3–5,E,Rare,,,,
44.0,Advanced Web,A3 — Advanced React,Concurrent-safe external stores & tearing,5+,E,Rare,,,,
45.0,Advanced Web,A3 — Advanced React,XState / statecharts in React at scale ⚑,3–5,B,Common,FEM: XState & State Management at Scale,,,
46.0,Advanced Web,A3 — Advanced React,Advanced Redux: custom middleware  enhancers  entity adapters  typed store,3–5,B,Common,,,,
47.0,Advanced Web,A3 — Advanced React,Building your own component library + publishing to npm ⚑,3–5,B,Common,Realistic next step for you,,,
48.0,Advanced Web,A3 — Advanced React,Advanced generic/polymorphic component typing,3–5,E,Rare,,,,
49.0,Advanced Web,A3 — Advanced React,React Native / Expo in depth,3–5,E,Rare,,,,
50.0,Advanced Web,A4 — Architecture & scale,Cross-microfrontend communication & shared dependencies,5+,E,Rare,,,,
51.0,Advanced Web,A4 — Architecture & scale,Plugin architectures & extensibility,5+,E,Rare,,,,
52.0,Advanced Web,A4 — Architecture & scale,Domain modelling & DDD for frontends,5+,E,Rare,,,,
53.0,Advanced Web,A6 — Computer science & algorithms,Path finding & spatial data structures,5+,E,Rare,,,,
54.0,Advanced Web,A6 — Computer science & algorithms,Concurrency models & lock-free structures,5+,E,Rare,,,,
55.0,Advanced Web,A8 — Advanced testing & quality,Contract testing between frontend and backend,5+,E,Rare,,,,
56.0,Advanced Web,A8 — Advanced testing & quality,Property-based / fuzz testing,5+,E,Rare,,,,
57.0,Advanced Web,A8 — Advanced testing & quality,Mutation testing,5+,E,Rare,,,,
58.0,Advanced Web,A8 — Advanced testing & quality,Load testing frontend-facing services,5+,E,Rare,,,,
