Course Map  ·  where to actually study each part,,,,,,
Scrimba for interactive reps  Master.dev for depth. You do not need both versions of the same topic — pick one and build something.,,,,,,
Legend,Core 0–5,Advanced,Branches,Drills,▸ Courses,Dashboard
Syllabus area,Band,Scrimba anchor,Master.dev (Frontend Masters) anchor,How to combine them,,
HTML & CSS basics,0–1,Learn HTML and CSS; Frontend Path: Web dev basics,Complete Intro to Web Development v3; Getting Started with CSS v2,One introductory sequence  then build a page nobody walked you through.,,
Semantic HTML & a11y,0–3,Learn Accessible Web Design; Accessible development,Website Accessibility v3,Reinforce semantics  then add keyboard and screen-reader passes to your own work.,,
CSS fundamentals,0–3,Essential CSS concepts; Learn CSS Variables,Modern CSS Fundamentals,Skip repeated basics the moment you can debug the cascade and the box model.,,
Layout & responsive,0–3,Learn Flexbox; Learn CSS Grid; Learn Responsive Web Design,Ultimate CSS Grid & Layout Techniques v3; Practical CSS Layouts,Use the newer course for subgrid and container queries.,,
Visual implementation,1–3,Learn UI Design; Build Websites with Figma  HTML and CSS,Professional CSS: Build a Website from Scratch; Design for Developers,Learn to read a design  implement it  then compare side by side.,,
CSS motion,1–3,Learn CSS Animations,CSS Animations and Transitions; SVG Essentials & Animation v2,Transitions are core; sophisticated motion is a branch.,,
Utility / preprocessor CSS,Branch,Learn Tailwind CSS; Learn Bootstrap,Tailwind CSS 4+; Sass Fundamentals,Learn whichever one the target team actually uses.,,
JavaScript basics,0–1,Learn JavaScript; Making websites interactive,Getting Started with JavaScript v3; JavaScript: From First Steps to Professional,One thorough first pass  then practise without a tutorial open.,,
Applied JavaScript,1–3,Advanced JavaScript; The Tricky Parts of JavaScript,JavaScript: The Hard Parts v3; Deep JavaScript Foundations v3,This is where closures  this  prototypes  coercion and async ordering get precise.,,
DOM & APIs,1–3,Working with APIs; APIs and Async JavaScript,Vanilla JS: You Might Not Need a Framework,Build one app with cancellation  failure states and real cleanup.,,
Code quality,1–3,Introduction to Clean Code; Code reviews,Functional JavaScript First Steps v2; A Tour of JS & React Patterns,Apply three patterns to your own code instead of memorising twenty names.,,
Tooling & Git,0–3,Command Line Basics; Learn Git and GitHub; Intro to Vite,Everything You'll Need to Know About Git; Build Tools & Testing path,Everyday workflow first. Tool authoring is years away and optional.,,
TypeScript,1–3,Learn TypeScript,TypeScript 5+ Fundamentals v4; React and TypeScript v3,Follow it immediately by typing your own API responses and component props.,,
React fundamentals,0–3,Learn React; React basics,Complete Intro to React v9,One main course. Use the second only to clarify a specific confusion.,,
React composition,1–3,Advanced React: Reusability,A Tour of JavaScript & React Patterns,Custom hooks  context and composition. Library-specific APIs are a branch.,,
React routing,1–3,Learn React Router; Advanced React: Routing,Complete Intro to React v9 (TanStack Router),Scrimba teaches v6; React Router v7 is current. The API barely moved.,,
React performance,1–3,Advanced React: Performance,Intermediate React v6; React Performance v2,Measurement  referential identity  memoisation. Server depth is a branch.,,
React data & auth,1–3,Advanced React: Persistence / Authentication; Learn Firebase,State Management at Scale in React & Next.js; Redux Fundamentals,Understand the boundaries before adopting any provider's recipe.,,
React practice,1–3,React Challenges; React Interview Questions,Senior Level Frontend Interview Prep,Start with ordinary components. The spreadsheet clone is optional depth.,,
Testing,1–3,Introduction to Unit Testing; Testing in React,Testing Fundamentals; Playwright: Automated Testing,Verify behaviour in your own app  not in the course's app.,,
Performance & debugging,1–3,Relevant React/CSS/JS modules,Web Performance Fundamentals v2; Chrome Developer Tools v4,Practise diagnosis deliberately. Watching the video is not the skill.,,
Security & delivery,1–3,Learn Cybersecurity; Deploying with Netlify; Intro to DevOps,Web Security v2; Full Stack Fundamentals v3,Client safety and shipping. Deeper infra is the backend branch.,,
DSA & interviews,0–3,Data Structures and Algorithms; JavaScript Interview Challenges,Computer Science path; Getting a Software Engineering Job v3,Set the depth from the employer  not from your years.,,
Frontend system design,1–3,App-building projects,Front-End System Design; Frontend Architecture,Feature design now. Monorepos and microfrontends later  if ever.,,
Next.js,Branch,Learn Next.js; Fullstack Path: Next.js,Next.js Fundamentals v4; Build a Fullstack Next.js App v4,Becomes core the moment a JD names it.,,
Vue / Nuxt,Branch,Learn Vue,Vue path; Intermediate Vue,You already have Vue. This is where you make it an asset  not a detour.,,
Angular,Branch,No dedicated Angular course observed,Angular path; Intermediate Angular,Master.dev only. Do not assume Scrimba covers this branch.,,
Svelte / Astro,Branch,Intro to Astro; Learn Imba,Svelte & SvelteKit v2,Alternatives  not cumulative prerequisites.,,
Backend,Branch,Learn Node.js; Learn Express.js; Learn SQL; Backend Path,Fullstack to Backend path,Promote for full-stack vacancies. Backend is not 'more advanced' than frontend.,,
Browser platform,Branch,Build a Mobile App with Firebase,Browser APIs path,Service workers  IndexedDB  realtime. Specialist  not senior.,,
Graphics & dataviz,Branch,CSS animation and design offerings,D3 / data visualisation path,Only where the role asks for it.,,
AI engineering,Branch,AI Engineer Path; Learn RAG; Intro to MCP,AI agents and tooling courses,Not a prerequisite for any frontend opening. Increasingly a differentiator.,,
Enterprise & leadership,5+,No direct equivalent,Enterprise & Leadership; Code Architecture,Advanced specialisation and team scope.,,
