Interview Drills  ·  the delivery layer,,,,,,,,,,
Polyfills  machine-coding rounds  DSA-lite  discussion rounds and portfolio evidence. Knowledge only converts if you can produce it under time pressure.,,,,,,,,,,
Legend,,Core 0–5,Advanced,Branches,,,▸ Drills,Courses,,Dashboard
#,Area,Section,Concept,YOE,Depth,Weight,What interviewers actually ask,Status,Score,My notes
1.0,Part 13 — Interview-Specific Practice,13.1 Polyfills & "implement it yourself",Array.prototype.map / filter / reduce / forEach,1–3,B,Core,,,,
2.0,Part 13 — Interview-Specific Practice,13.1 Polyfills & "implement it yourself",Function.prototype.call / apply / bind,1–3,B,Core,,,,
3.0,Part 13 — Interview-Specific Practice,13.1 Polyfills & "implement it yourself",Promise.all / allSettled / race / any,1–3,B,Core,,,,
4.0,Part 13 — Interview-Specific Practice,13.1 Polyfills & "implement it yourself",A minimal Promise class,1–3,B,Common,FEM's "Promise: basic logic → settling → execution" sequence,,,
5.0,Part 13 — Interview-Specific Practice,13.1 Polyfills & "implement it yourself",debounce / throttle,1–3,B,Core,,,,
6.0,Part 13 — Interview-Specific Practice,13.1 Polyfills & "implement it yourself",deepClone / deepEqual,1–3,B,Core,,,,
7.0,Part 13 — Interview-Specific Practice,13.1 Polyfills & "implement it yourself",flatten(arr  depth),1–3,B,Core,,,,
8.0,Part 13 — Interview-Specific Practice,13.1 Polyfills & "implement it yourself",curry / pipe / compose / memoize,1–3,B,Core,,,,
9.0,Part 13 — Interview-Specific Practice,13.1 Polyfills & "implement it yourself",new / instanceof / Object.create,1–3,B,Common,,,,
10.0,Part 13 — Interview-Specific Practice,13.1 Polyfills & "implement it yourself",groupBy  chunk  zip,1–3,B,Common,,,,
11.0,Part 13 — Interview-Specific Practice,13.1 Polyfills & "implement it yourself",Event emitter (on/off/emit),1–3,B,Common,,,,
12.0,Part 13 — Interview-Specific Practice,13.1 Polyfills & "implement it yourself",typeof-style detectType,1–3,B,Common,FEM opens its interview course with it,,,
13.0,Part 13 — Interview-Specific Practice,13.2 Machine coding / component building (45–90 min rounds),Todo list with filters + persistence,1–3,B,Core,,,,
14.0,Part 13 — Interview-Specific Practice,13.2 Machine coding / component building (45–90 min rounds),Accordion,1–3,B,Core,,,,
15.0,Part 13 — Interview-Specific Practice,13.2 Machine coding / component building (45–90 min rounds),Tabs,1–3,B,Core,,,,
16.0,Part 13 — Interview-Specific Practice,13.2 Machine coding / component building (45–90 min rounds),Modal / dialog (with focus trap + Escape),1–3,D,Core,,,,
17.0,Part 13 — Interview-Specific Practice,13.2 Machine coding / component building (45–90 min rounds),Star rating,1–3,B,Core,Both FEM and Scrimba use it,,,
18.0,Part 13 — Interview-Specific Practice,13.2 Machine coding / component building (45–90 min rounds),Autocomplete / typeahead with debounce + cancellation,1–3,B,Core,The most common single task,,,
19.0,Part 13 — Interview-Specific Practice,13.2 Machine coding / component building (45–90 min rounds),Infinite scroll (IntersectionObserver),1–3,B,Core,,,,
20.0,Part 13 — Interview-Specific Practice,13.2 Machine coding / component building (45–90 min rounds),Pagination,1–3,B,Core,,,,
21.0,Part 13 — Interview-Specific Practice,13.2 Machine coding / component building (45–90 min rounds),Data table: sort  filter  paginate,1–3,B,Core,,,,
22.0,Part 13 — Interview-Specific Practice,13.2 Machine coding / component building (45–90 min rounds),Carousel / image gallery,1–3,B,Common,,,,
23.0,Part 13 — Interview-Specific Practice,13.2 Machine coding / component building (45–90 min rounds),Toast / notification system,1–3,B,Common,,,,
24.0,Part 13 — Interview-Specific Practice,13.2 Machine coding / component building (45–90 min rounds),Nested comments (recursive rendering),1–3,B,Common,,,,
25.0,Part 13 — Interview-Specific Practice,13.2 Machine coding / component building (45–90 min rounds),OTP input,1–3,B,Common,,,,
26.0,Part 13 — Interview-Specific Practice,13.2 Machine coding / component building (45–90 min rounds),Progress bar / stepper / wizard,1–3,B,Common,,,,
27.0,Part 13 — Interview-Specific Practice,13.2 Machine coding / component building (45–90 min rounds),Tooltip with positioning,1–3,B,Common,,,,
28.0,Part 13 — Interview-Specific Practice,13.2 Machine coding / component building (45–90 min rounds),Shopping cart,1–3,B,Common,,,,
29.0,Part 13 — Interview-Specific Practice,13.2 Machine coding / component building (45–90 min rounds),Calculator,1–3,B,Common,,,,
30.0,Part 13 — Interview-Specific Practice,13.2 Machine coding / component building (45–90 min rounds),Stopwatch / countdown timer,1–3,B,Common,,,,
31.0,Part 13 — Interview-Specific Practice,13.2 Machine coding / component building (45–90 min rounds),Drag & drop list,1–3,E,Rare,,,,
32.0,Part 13 — Interview-Specific Practice,13.2 Machine coding / component building (45–90 min rounds),Folder tree / file explorer,1–3,B,Common,,,,
33.0,Part 13 — Interview-Specific Practice,13.2 Machine coding / component building (45–90 min rounds),Chat UI with typing effect,1–3,E,Rare,,,,
34.0,Part 13 — Interview-Specific Practice,13.3 DSA-lite (what frontend rounds actually ask),Big-O: time & space,1–3,B,Core,Enough to justify a choice,,,
35.0,Part 13 — Interview-Specific Practice,13.3 DSA-lite (what frontend rounds actually ask),Array & string manipulation,1–3,B,Core,Anagram  palindrome  reverse  frequency count,,,
36.0,Part 13 — Interview-Specific Practice,13.3 DSA-lite (what frontend rounds actually ask),Hash maps for counting & lookup,1–3,B,Core,The single most useful technique here,,,
37.0,Part 13 — Interview-Specific Practice,13.3 DSA-lite (what frontend rounds actually ask),Two pointers / sliding window,1–3,B,Common,,,,
38.0,Part 13 — Interview-Specific Practice,13.3 DSA-lite (what frontend rounds actually ask),Sorting & custom comparators,1–3,B,Core,,,,
39.0,Part 13 — Interview-Specific Practice,13.3 DSA-lite (what frontend rounds actually ask),Recursion & tree traversal,1–3,B,Core,Directly applicable to nested-comment / folder-tree tasks,,,
40.0,Part 13 — Interview-Specific Practice,13.3 DSA-lite (what frontend rounds actually ask),Set operations & dedupe,1–3,B,Core,,,,
41.0,Part 13 — Interview-Specific Practice,13.3 DSA-lite (what frontend rounds actually ask),Object/array transformation (group  flatten  pivot),1–3,B,Core,Scrimba's whole challenge set is this,,,
42.0,Part 13 — Interview-Specific Practice,13.3 DSA-lite (what frontend rounds actually ask),Stack/queue as arrays,1–3,B,Common,,,,
43.0,Part 13 — Interview-Specific Practice,13.3 DSA-lite (what frontend rounds actually ask),Topological sort / dependency graph,3–5,E,Rare,→ Advanced Web,,,
44.0,Part 13 — Interview-Specific Practice,13.4 Discussion rounds,Walk through a project you built: problem  decisions  trade-offs,1–3,B,Core,The highest-leverage thing to prepare,,,
45.0,Part 13 — Interview-Specific Practice,13.4 Discussion rounds,Why you made a specific technical choice (and what you'd change),1–3,D,Core,,,,
46.0,Part 13 — Interview-Specific Practice,13.4 Discussion rounds,Debugging methodology,1–3,B,Core,"A user reports the page is slow — what do you do?",,,
47.0,Part 13 — Interview-Specific Practice,13.4 Discussion rounds,Code review: what you look for,1–3,B,Core,,,,
48.0,Part 13 — Interview-Specific Practice,13.4 Discussion rounds,Working with designers / PMs / QA,1–3,B,Common,,,,
49.0,Part 13 — Interview-Specific Practice,13.4 Discussion rounds,Git workflow on your team,1–3,B,Core,,,,
50.0,Part 13 — Interview-Specific Practice,13.4 Discussion rounds,Agile / Scrum ceremonies,1–3,B,Common,,,,
51.0,Part 13 — Interview-Specific Practice,13.4 Discussion rounds,Handling disagreement and feedback,1–3,B,Core,,,,
52.0,Part 13 — Interview-Specific Practice,13.4 Discussion rounds,Frontend system design (lite): component hierarchy  state placement  API shape  folder structure  error/loading states,1–3,B,Core,The 3-YOE version of system design. Design a news feed / e-commerce listing / dashboard,,,
53.0,Part 13 — Interview-Specific Practice,13.4 Discussion rounds,Questions to ask the interviewer,1–3,B,Core,Scrimba lists it explicitly,,,
54.0,Part 32 — Projects & Evidence,Portfolio proof,Responsive semantic site,0–1,B,Core,From a mockup: forms  accessible nav  narrow and wide layouts,,,
55.0,Part 32 — Projects & Evidence,Portfolio proof,Vanilla-JS API application,1–3,B,Core,Search/filter  fetch  loading and errors  persisted preferences  modular code,,,
56.0,Part 32 — Projects & Evidence,Portfolio proof,React + TypeScript application,1–3,D,Core,Routing  forms  server data  auth UI  tests  deployment,,,
57.0,Part 32 — Projects & Evidence,Portfolio proof,Debugging exercise,1–3,D,Core,Diagnose a stale closure  a mutation  a key bug  an effect dependency or a network race,,,
58.0,Part 32 — Projects & Evidence,Portfolio proof,Performance exercise,1–3,D,Core,Record a slow interaction  fix the cause  show the evidence,,,
59.0,Part 32 — Projects & Evidence,Portfolio proof,Test exercise,1–3,B,Core,Meaningful tests for success  failure and one important edge case,,,
60.0,Part 32 — Projects & Evidence,Portfolio proof,Project walkthrough,1–3,D,Core,Problem  your contribution  architecture  a bug  a tradeoff  a measured outcome,,,
61.0,Part 32 — Projects & Evidence,Portfolio proof,Collaboration stories,1–3,B,Core,Review feedback  a changed requirement  a disagreement  learning from a defect,,,
62.0,Part 32 — Projects & Evidence,Portfolio proof,Independent readiness check,1–3,D,Core,Build a new feature with docs but no step-by-step solution to follow,,,
