Frontend Syllabus  ·  HTML → CSS → JavaScript → TypeScript → React,,,,,,
Built for Devang · merged from Frontend Masters (now Master.dev)  Scrimba's MDN-curated career path  and the MDN Curriculum · 20 September 2026,,,,,,
▸ Legend,Core 0–5,Advanced,Branches,Drills,Courses,Dashboard
,,,,,,
How to read every row,,,,,,
Each row carries three tags: WHEN it starts being asked  HOW WELL you need to know it  and HOW OFTEN it comes up.,,,,,,
,,,,,,
YOE band,What it means in an interview,,,,,
0–1,Foundation. Fair game from an internship interview onward  and still expected at 3 YOE. Fumbling these ends a loop regardless of your years.,,,,,
1–3,Applied professional level. This is the bulk of your interviews right now.,,,,,
3–5,Senior-leaning. Not required at 3 YOE  but a demanding panel may probe it as a ceiling test.,,,,,
5+,Lead / staff scope. Not a prerequisite for any role you are targeting today.,,,,,
Branch,Depends on the job description  not on tenure. A Vue beginner topic is still a beginner topic.,,,,,
,,,,,,
Depth,What the interviewer is testing,,,,,
B — Build,Implement it independently  with API documentation open. You do not need to recite the signature.,,,,,
D — Debug,Build it  explain how it executes  diagnose a broken example  and argue the tradeoffs. The gotcha rows.,,,,,
E — Explain,Explain it accurately and say when you would reach for it. Implementing its internals is unnecessary.,,,,,
,,,,,,
Weight,How often it actually comes up,,,,,
Core,Asked in most interviews at that level. Non-negotiable.,,,,,
Common,Comes up regularly. Expect it in roughly half your loops.,,,,,
Rare,Occasional. A differentiator  not a gate.,,,,,
,,,,,,
,,,,,,
,,,,,,
,,,,,,
,,,,,,
,,,,,,
,,,,,,
,,,,,,
,,,,,,
,,,,,,
,,,,,,
,,,,,,
,,,,,,
,,,,,,
,,,,,,
Status → Score  (the dropdown on every sheet writes into this scale),,,,,,
,Status,Score,What it means,,,
,Not started,0.0,I have not learned it.,,,
,Learning,1.0,I recognise the term or can repeat a definition.,,,
,Can build,2.0,I can complete a familiar example with help.,,,
,Can debug,3.0,I can implement it independently with docs and explain the important behaviour.,,,
,Solid,4.0,I can debug unfamiliar failures  test edge cases and argue the tradeoffs.,,,
,,,,,,
,Target: score 3 on every B row  4 on every D row  and an accurate one-paragraph answer on every E row. You do not need a 4 on everything to start applying.,,,,,
,,,,,,
How to use this workbook,,,,,,
•,Work down Core Syllabus in order. The sheet is already sorted HTML → CSS → JavaScript → TypeScript → React → production.,,,,,
•,Set Status from the dropdown in column I. Score fills itself from the table above  and the Dashboard updates.,,,,,
•,Filter column G to Core when you are short on time. Those rows are the ones that decide most interviews.,,,,,
•,Filter column F to D to drill the gotcha rows — the ones where an interviewer follows up with 'why?'.,,,,,
•,Ignore Advanced Web until you have an offer. It is a roadmap  not a gate.,,,,,
•,Open Role Branches only when a job description names that stack  then treat that branch as core for that application.,,,,,
•,Column K is yours. Put the link to the exercise you solved  or the thing you got wrong  so revision has something to bite on.,,,,,
,,,,,,
Scope  honestly,,,,,,
—,Every YOE label is an editorial preparation estimate. Neither platform publishes a concept-by-concept YOE scale  and no hiring data was measured. A label is not a promise that a topic cannot be asked earlier — demanding panels ask graph and DP questions of graduates.,,,,,
—,The catalogue review was thorough at concept level: the full lesson trees of ~45 Master.dev courses via its course API  and Scrimba's complete career-path lesson list decoded from its path data. It is not a certified transcription of every video in either subscription.,,,,,
—,Depth codes (B/D/E) are defaults derived from how each row behaves in an interview  then hand-checked on the high-value rows. Disagree with one and change it — that is what column F is for.,,,,,
—,Frontend Masters rebranded to Master.dev during this research; frontendmasters.com redirects there. Course titles are as observed on 20 September 2026.,,,,,
—,Version-sensitive areas — React 19  Next.js caching  Angular signals  Svelte runes — age fast. Check the installed version's docs before copying any API from a tutorial.,,,,,
—,A course named 'Advanced React' can contain ordinary hireable skills. Scrimba's includes routing  performance and auth. Do not defer a whole course because of its title.,,,,,
