conceptId,conceptName,C,C++,Rust,Zig,Java,C#,Kotlin,Swift,Go,Python,JavaScript,TypeScript,Dart,Ruby,PHP,Haskell,OCaml,Erlang/Elixir,Lisp/Clojure,Smalltalk,Prolog,APL/J,Forth,SQL,Ada,Scala
abstraction-over-types.ad,Ad,first-class,first-class,first-class,first-class,first-class,first-class,first-class,first-class,first-class,first-class,first-class,first-class,first-class,first-class,first-class,first-class,first-class,first-class,first-class,first-class,first-class,first-class,first-class,first-class,first-class,first-class
abstraction-over-types.associated,Associated,first-class,first-class,first-class,first-class,first-class,first-class,first-class,first-class,first-class,first-class,first-class,first-class,first-class,first-class,first-class,first-class,first-class,first-class,first-class,first-class,first-class,first-class,first-class,first-class,first-class,first-class
abstraction-over-types.bounded,Bounded,first-class,first-class,first-class,first-class,first-class,first-class,first-class,first-class,first-class,first-class,first-class,first-class,first-class,first-class,first-class,first-class,first-class,first-class,first-class,first-class,first-class,first-class,first-class,first-class,first-class,first-class
abstraction-over-types.coherence,Coherence,first-class,first-class,first-class,first-class,first-class,first-class,first-class,first-class,first-class,first-class,first-class,first-class,first-class,first-class,first-class,first-class,first-class,first-class,first-class,first-class,first-class,first-class,first-class,first-class,first-class,first-class
abstraction-over-types.constraints,Constraints,first-class,first-class,first-class,first-class,first-class,first-class,first-class,first-class,first-class,first-class,first-class,first-class,first-class,first-class,first-class,first-class,first-class,first-class,first-class,first-class,first-class,first-class,first-class,first-class,first-class,first-class
abstraction-over-types.dependent,Dependent,first-class,first-class,first-class,first-class,first-class,first-class,first-class,first-class,first-class,first-class,first-class,first-class,first-class,first-class,first-class,first-class,first-class,first-class,first-class,first-class,first-class,first-class,first-class,first-class,first-class,first-class
abstraction-over-types.erasure,Erasure,first-class,first-class,first-class,first-class,first-class,first-class,first-class,first-class,first-class,first-class,first-class,first-class,first-class,first-class,first-class,first-class,first-class,first-class,first-class,first-class,first-class,first-class,first-class,first-class,first-class,first-class
abstraction-over-types.existential,Existential,first-class,first-class,first-class,first-class,first-class,first-class,first-class,first-class,first-class,first-class,first-class,first-class,first-class,first-class,first-class,first-class,first-class,first-class,first-class,first-class,first-class,first-class,first-class,first-class,first-class,first-class
abstraction-over-types.generic,Generic,first-class,first-class,first-class,first-class,first-class,first-class,first-class,first-class,first-class,first-class,first-class,first-class,first-class,first-class,first-class,first-class,first-class,first-class,first-class,first-class,first-class,first-class,first-class,first-class,first-class,first-class
abstraction-over-types.generics,Generics,first-class,first-class,first-class,first-class,first-class,first-class,first-class,first-class,first-class,first-class,first-class,first-class,first-class,first-class,first-class,first-class,first-class,first-class,first-class,first-class,first-class,first-class,first-class,first-class,first-class,first-class
abstraction-over-types.higher,Higher,first-class,first-class,first-class,first-class,first-class,first-class,first-class,first-class,first-class,first-class,first-class,first-class,first-class,first-class,first-class,first-class,first-class,first-class,first-class,first-class,first-class,first-class,first-class,first-class,first-class,first-class
abstraction-over-types.hoc,Hoc,first-class,first-class,first-class,first-class,first-class,first-class,first-class,first-class,first-class,first-class,first-class,first-class,first-class,first-class,first-class,first-class,first-class,first-class,first-class,first-class,first-class,first-class,first-class,first-class,first-class,first-class
abstraction-over-types.indices,Indices,first-class,first-class,first-class,first-class,first-class,first-class,first-class,first-class,first-class,first-class,first-class,first-class,first-class,first-class,first-class,first-class,first-class,first-class,first-class,first-class,first-class,first-class,first-class,first-class,first-class,first-class
abstraction-over-types.inference,Inference,not-applicable,not-applicable,partial,not-applicable,not-applicable,not-applicable,partial,partial,not-applicable,absent-by-design,absent-by-design,partial,not-applicable,absent-by-design,not-applicable,first-class,first-class,absent-by-design,absent-by-design,absent-by-design,not-applicable,not-applicable,not-applicable,not-applicable,not-applicable,not-applicable
abstraction-over-types.kinded,Kinded,first-class,first-class,first-class,first-class,first-class,first-class,first-class,first-class,first-class,first-class,first-class,first-class,first-class,first-class,first-class,first-class,first-class,first-class,first-class,first-class,first-class,first-class,first-class,first-class,first-class,first-class
compilation-linkage.abi,Abi,first-class,first-class,first-class,first-class,first-class,first-class,first-class,first-class,first-class,first-class,first-class,first-class,first-class,first-class,first-class,first-class,first-class,first-class,first-class,first-class,first-class,first-class,first-class,first-class,first-class,first-class
compilation-linkage.allocation,Allocation,first-class,first-class,first-class,first-class,first-class,first-class,first-class,first-class,first-class,first-class,first-class,first-class,first-class,first-class,first-class,first-class,first-class,first-class,first-class,first-class,first-class,first-class,first-class,first-class,first-class,first-class
compilation-linkage.artifact,Artifact,first-class,first-class,first-class,first-class,first-class,first-class,first-class,first-class,first-class,first-class,first-class,first-class,first-class,first-class,first-class,first-class,first-class,first-class,first-class,first-class,first-class,first-class,first-class,first-class,first-class,first-class
compilation-linkage.ast,Ast,first-class,first-class,first-class,first-class,first-class,first-class,first-class,first-class,first-class,first-class,first-class,first-class,first-class,first-class,first-class,first-class,first-class,first-class,first-class,first-class,first-class,first-class,first-class,first-class,first-class,first-class
compilation-linkage.build,Build,first-class,first-class,first-class,first-class,first-class,first-class,first-class,first-class,first-class,first-class,first-class,first-class,first-class,first-class,first-class,first-class,first-class,first-class,first-class,first-class,first-class,first-class,first-class,first-class,first-class,first-class
compilation-linkage.calling,Calling,first-class,first-class,first-class,first-class,first-class,first-class,first-class,first-class,first-class,first-class,first-class,first-class,first-class,first-class,first-class,first-class,first-class,first-class,first-class,first-class,first-class,first-class,first-class,first-class,first-class,first-class
compilation-linkage.checking,Checking,first-class,first-class,first-class,first-class,first-class,first-class,first-class,first-class,first-class,first-class,first-class,first-class,first-class,first-class,first-class,first-class,first-class,first-class,first-class,first-class,first-class,first-class,first-class,first-class,first-class,first-class
compilation-linkage.compilation,Compilation,first-class,first-class,first-class,first-class,first-class,first-class,first-class,first-class,first-class,first-class,first-class,first-class,first-class,first-class,first-class,first-class,first-class,first-class,first-class,first-class,first-class,first-class,first-class,first-class,first-class,first-class
compilation-linkage.convention,Convention,first-class,first-class,first-class,first-class,first-class,first-class,first-class,first-class,first-class,first-class,first-class,first-class,first-class,first-class,first-class,first-class,first-class,first-class,first-class,first-class,first-class,first-class,first-class,first-class,first-class,first-class
compilation-linkage.cross,Cross,first-class,first-class,first-class,first-class,first-class,first-class,first-class,first-class,first-class,first-class,first-class,first-class,first-class,first-class,first-class,first-class,first-class,first-class,first-class,first-class,first-class,first-class,first-class,first-class,first-class,first-class
compilation-linkage.debug,Debug,first-class,first-class,first-class,first-class,first-class,first-class,first-class,first-class,first-class,first-class,first-class,first-class,first-class,first-class,first-class,first-class,first-class,first-class,first-class,first-class,first-class,first-class,first-class,first-class,first-class,first-class
compilation-linkage.dynamic,Dynamic,first-class,first-class,first-class,first-class,first-class,first-class,first-class,first-class,first-class,first-class,first-class,first-class,first-class,first-class,first-class,first-class,first-class,first-class,first-class,first-class,first-class,first-class,first-class,first-class,first-class,first-class
compilation-linkage.incremental,Incremental,first-class,first-class,first-class,first-class,first-class,first-class,first-class,first-class,first-class,first-class,first-class,first-class,first-class,first-class,first-class,first-class,first-class,first-class,first-class,first-class,first-class,first-class,first-class,first-class,first-class,first-class
compilation-linkage.information,Information,first-class,first-class,first-class,first-class,first-class,first-class,first-class,first-class,first-class,first-class,first-class,first-class,first-class,first-class,first-class,first-class,first-class,first-class,first-class,first-class,first-class,first-class,first-class,first-class,first-class,first-class
concurrency.actor,Actor,emulated,emulated,partial,emulated,partial,emulated,emulated,emulated,emulated,emulated,emulated,emulated,emulated,emulated,emulated,emulated,emulated,first-class,emulated,first-class,emulated,emulated,emulated,emulated,emulated,partial
concurrency.atomic,Atomic,first-class,first-class,first-class,first-class,first-class,first-class,first-class,first-class,first-class,first-class,first-class,first-class,first-class,first-class,first-class,first-class,first-class,first-class,first-class,first-class,first-class,first-class,first-class,first-class,first-class,first-class
concurrency.backpressure,Backpressure,first-class,first-class,first-class,first-class,first-class,first-class,first-class,first-class,first-class,first-class,first-class,first-class,first-class,first-class,first-class,first-class,first-class,first-class,first-class,first-class,first-class,first-class,first-class,first-class,first-class,first-class
concurrency.cancellation,Cancellation,first-class,first-class,first-class,first-class,first-class,first-class,first-class,first-class,first-class,first-class,first-class,first-class,first-class,first-class,first-class,first-class,first-class,first-class,first-class,first-class,first-class,first-class,first-class,first-class,first-class,first-class
concurrency.channel,Channel,partial,partial,partial,partial,partial,partial,partial,partial,first-class,partial,partial,partial,partial,partial,partial,partial,partial,partial,first-class,partial,partial,partial,partial,partial,partial,partial
concurrency.concurrency,Concurrency,first-class,first-class,first-class,first-class,first-class,first-class,first-class,first-class,first-class,first-class,first-class,first-class,first-class,first-class,first-class,first-class,first-class,first-class,first-class,first-class,first-class,first-class,first-class,first-class,first-class,first-class
concurrency.condition,Condition,first-class,first-class,first-class,first-class,first-class,first-class,first-class,first-class,first-class,first-class,first-class,first-class,first-class,first-class,first-class,first-class,first-class,first-class,first-class,first-class,first-class,first-class,first-class,first-class,first-class,first-class
concurrency.coroutine,Coroutine,first-class,first-class,first-class,first-class,first-class,first-class,first-class,first-class,first-class,first-class,first-class,first-class,first-class,first-class,first-class,first-class,first-class,first-class,first-class,first-class,first-class,first-class,first-class,first-class,first-class,first-class
concurrency.data,Data,first-class,first-class,first-class,first-class,first-class,first-class,first-class,first-class,first-class,first-class,first-class,first-class,first-class,first-class,first-class,first-class,first-class,first-class,first-class,first-class,first-class,first-class,first-class,first-class,first-class,first-class
concurrency.deadlock,Deadlock,first-class,first-class,first-class,first-class,first-class,first-class,first-class,first-class,first-class,first-class,first-class,first-class,first-class,first-class,first-class,first-class,first-class,first-class,first-class,first-class,first-class,first-class,first-class,first-class,first-class,first-class
concurrency.fiber,Fiber,first-class,first-class,first-class,first-class,first-class,first-class,first-class,first-class,first-class,first-class,first-class,first-class,first-class,first-class,first-class,first-class,first-class,first-class,first-class,first-class,first-class,first-class,first-class,first-class,first-class,first-class
concurrency.free,Free,first-class,first-class,first-class,first-class,first-class,first-class,first-class,first-class,first-class,first-class,first-class,first-class,first-class,first-class,first-class,first-class,first-class,first-class,first-class,first-class,first-class,first-class,first-class,first-class,first-class,first-class
concurrency.livelock,Livelock,first-class,first-class,first-class,first-class,first-class,first-class,first-class,first-class,first-class,first-class,first-class,first-class,first-class,first-class,first-class,first-class,first-class,first-class,first-class,first-class,first-class,first-class,first-class,first-class,first-class,first-class
concurrency.lock,Lock,first-class,first-class,first-class,first-class,first-class,first-class,first-class,first-class,first-class,first-class,first-class,first-class,first-class,first-class,first-class,first-class,first-class,first-class,first-class,first-class,first-class,first-class,first-class,first-class,first-class,first-class
data-modelling.aggregate,Aggregate,first-class,first-class,first-class,first-class,first-class,first-class,first-class,first-class,first-class,first-class,first-class,first-class,first-class,first-class,first-class,first-class,first-class,first-class,first-class,first-class,first-class,first-class,first-class,first-class,first-class,first-class
data-modelling.algebraic,Algebraic,first-class,first-class,first-class,first-class,first-class,first-class,first-class,first-class,first-class,first-class,first-class,first-class,first-class,first-class,first-class,first-class,first-class,first-class,first-class,first-class,first-class,first-class,first-class,first-class,first-class,first-class
data-modelling.bounded,Bounded,first-class,first-class,first-class,first-class,first-class,first-class,first-class,first-class,first-class,first-class,first-class,first-class,first-class,first-class,first-class,first-class,first-class,first-class,first-class,first-class,first-class,first-class,first-class,first-class,first-class,first-class
data-modelling.class,Class,first-class,first-class,first-class,first-class,first-class,first-class,first-class,first-class,first-class,first-class,first-class,first-class,first-class,first-class,first-class,first-class,first-class,first-class,first-class,first-class,first-class,first-class,first-class,first-class,first-class,first-class
data-modelling.constructor,Constructor,first-class,first-class,first-class,first-class,first-class,first-class,first-class,first-class,first-class,first-class,first-class,first-class,first-class,first-class,first-class,first-class,first-class,first-class,first-class,first-class,first-class,first-class,first-class,first-class,first-class,first-class
data-modelling.context,Context,first-class,first-class,first-class,first-class,first-class,first-class,first-class,first-class,first-class,first-class,first-class,first-class,first-class,first-class,first-class,first-class,first-class,first-class,first-class,first-class,first-class,first-class,first-class,first-class,first-class,first-class
data-modelling.data,Data,first-class,first-class,first-class,first-class,first-class,first-class,first-class,first-class,first-class,first-class,first-class,first-class,first-class,first-class,first-class,first-class,first-class,first-class,first-class,first-class,first-class,first-class,first-class,first-class,first-class,first-class
data-modelling.denormalization,Denormalization,first-class,first-class,first-class,first-class,first-class,first-class,first-class,first-class,first-class,first-class,first-class,first-class,first-class,first-class,first-class,first-class,first-class,first-class,first-class,first-class,first-class,first-class,first-class,first-class,first-class,first-class
data-modelling.entity,Entity,first-class,first-class,first-class,first-class,first-class,first-class,first-class,first-class,first-class,first-class,first-class,first-class,first-class,first-class,first-class,first-class,first-class,first-class,first-class,first-class,first-class,first-class,first-class,first-class,first-class,first-class
data-modelling.enum,Enum,first-class,first-class,first-class,first-class,first-class,first-class,first-class,first-class,first-class,first-class,first-class,first-class,first-class,first-class,first-class,first-class,first-class,first-class,first-class,first-class,first-class,first-class,first-class,first-class,first-class,first-class
data-modelling.evolution,Evolution,first-class,first-class,first-class,first-class,first-class,first-class,first-class,first-class,first-class,first-class,first-class,first-class,first-class,first-class,first-class,first-class,first-class,first-class,first-class,first-class,first-class,first-class,first-class,first-class,first-class,first-class
data-modelling.field,Field,first-class,first-class,first-class,first-class,first-class,first-class,first-class,first-class,first-class,first-class,first-class,first-class,first-class,first-class,first-class,first-class,first-class,first-class,first-class,first-class,first-class,first-class,first-class,first-class,first-class,first-class
data-modelling.identity,Identity,first-class,first-class,first-class,first-class,first-class,first-class,first-class,first-class,first-class,first-class,first-class,first-class,first-class,first-class,first-class,first-class,first-class,first-class,first-class,first-class,first-class,first-class,first-class,first-class,first-class,first-class
data-modelling.invariant,Invariant,first-class,first-class,first-class,first-class,first-class,first-class,first-class,first-class,first-class,first-class,first-class,first-class,first-class,first-class,first-class,first-class,first-class,first-class,first-class,first-class,first-class,first-class,first-class,first-class,first-class,first-class
dispatch.binding,Binding,first-class,first-class,first-class,first-class,first-class,first-class,first-class,first-class,first-class,first-class,first-class,first-class,first-class,first-class,first-class,first-class,first-class,first-class,first-class,first-class,first-class,first-class,first-class,first-class,first-class,first-class
dispatch.cache,Cache,first-class,first-class,first-class,first-class,first-class,first-class,first-class,first-class,first-class,first-class,first-class,first-class,first-class,first-class,first-class,first-class,first-class,first-class,first-class,first-class,first-class,first-class,first-class,first-class,first-class,first-class
dispatch.devirtualization,Devirtualization,first-class,first-class,first-class,first-class,first-class,first-class,first-class,first-class,first-class,first-class,first-class,first-class,first-class,first-class,first-class,first-class,first-class,first-class,first-class,first-class,first-class,first-class,first-class,first-class,first-class,first-class
dispatch.dictionary,Dictionary,first-class,first-class,first-class,first-class,first-class,first-class,first-class,first-class,first-class,first-class,first-class,first-class,first-class,first-class,first-class,first-class,first-class,first-class,first-class,first-class,first-class,first-class,first-class,first-class,first-class,first-class
dispatch.dispatch,Dispatch,first-class,first-class,first-class,first-class,first-class,first-class,first-class,first-class,first-class,first-class,first-class,first-class,first-class,first-class,first-class,first-class,first-class,first-class,first-class,first-class,first-class,first-class,first-class,first-class,first-class,first-class
dispatch.double,Double,first-class,first-class,first-class,first-class,first-class,first-class,first-class,first-class,first-class,first-class,first-class,first-class,first-class,first-class,first-class,first-class,first-class,first-class,first-class,first-class,first-class,first-class,first-class,first-class,first-class,first-class
dispatch.dynamic,Dynamic,first-class,first-class,first-class,first-class,first-class,first-class,first-class,first-class,first-class,first-class,first-class,first-class,first-class,first-class,first-class,first-class,first-class,first-class,first-class,first-class,first-class,first-class,first-class,first-class,first-class,first-class
dispatch.extension,Extension,first-class,first-class,first-class,first-class,first-class,first-class,first-class,first-class,first-class,first-class,first-class,first-class,first-class,first-class,first-class,first-class,first-class,first-class,first-class,first-class,first-class,first-class,first-class,first-class,first-class,first-class
dispatch.inline,Inline,first-class,first-class,first-class,first-class,first-class,first-class,first-class,first-class,first-class,first-class,first-class,first-class,first-class,first-class,first-class,first-class,first-class,first-class,first-class,first-class,first-class,first-class,first-class,first-class,first-class,first-class
dispatch.interception,Interception,first-class,first-class,first-class,first-class,first-class,first-class,first-class,first-class,first-class,first-class,first-class,first-class,first-class,first-class,first-class,first-class,first-class,first-class,first-class,first-class,first-class,first-class,first-class,first-class,first-class,first-class
dispatch.invocation,Invocation,first-class,first-class,first-class,first-class,first-class,first-class,first-class,first-class,first-class,first-class,first-class,first-class,first-class,first-class,first-class,first-class,first-class,first-class,first-class,first-class,first-class,first-class,first-class,first-class,first-class,first-class
dispatch.late,Late,first-class,first-class,first-class,first-class,first-class,first-class,first-class,first-class,first-class,first-class,first-class,first-class,first-class,first-class,first-class,first-class,first-class,first-class,first-class,first-class,first-class,first-class,first-class,first-class,first-class,first-class
dispatch.lookup,Lookup,first-class,first-class,first-class,first-class,first-class,first-class,first-class,first-class,first-class,first-class,first-class,first-class,first-class,first-class,first-class,first-class,first-class,first-class,first-class,first-class,first-class,first-class,first-class,first-class,first-class,first-class
dispatch.matching,Matching,first-class,first-class,first-class,first-class,first-class,first-class,first-class,first-class,first-class,first-class,first-class,first-class,first-class,first-class,first-class,first-class,first-class,first-class,first-class,first-class,first-class,first-class,first-class,first-class,first-class,first-class
dispatch.message,Message,first-class,first-class,first-class,first-class,first-class,first-class,first-class,first-class,first-class,first-class,first-class,first-class,first-class,first-class,first-class,first-class,first-class,first-class,first-class,first-class,first-class,first-class,first-class,first-class,first-class,first-class
effects-sequencing.algebraic,Algebraic,first-class,first-class,first-class,first-class,first-class,first-class,first-class,first-class,first-class,first-class,first-class,first-class,first-class,first-class,first-class,first-class,first-class,first-class,first-class,first-class,first-class,first-class,first-class,first-class,first-class,first-class
effects-sequencing.applicative,Applicative,first-class,first-class,first-class,first-class,first-class,first-class,first-class,first-class,first-class,first-class,first-class,first-class,first-class,first-class,first-class,first-class,first-class,first-class,first-class,first-class,first-class,first-class,first-class,first-class,first-class,first-class
effects-sequencing.async,Async,first-class,first-class,first-class,first-class,first-class,first-class,first-class,first-class,first-class,first-class,first-class,first-class,first-class,first-class,first-class,first-class,first-class,first-class,first-class,first-class,first-class,first-class,first-class,first-class,first-class,first-class
effects-sequencing.cancellation,Cancellation,first-class,first-class,first-class,first-class,first-class,first-class,first-class,first-class,first-class,first-class,first-class,first-class,first-class,first-class,first-class,first-class,first-class,first-class,first-class,first-class,first-class,first-class,first-class,first-class,first-class,first-class
effects-sequencing.continuation,Continuation,first-class,first-class,first-class,first-class,first-class,first-class,first-class,first-class,first-class,first-class,first-class,first-class,first-class,first-class,first-class,first-class,first-class,first-class,first-class,first-class,first-class,first-class,first-class,first-class,first-class,first-class
effects-sequencing.delimited,Delimited,first-class,first-class,first-class,first-class,first-class,first-class,first-class,first-class,first-class,first-class,first-class,first-class,first-class,first-class,first-class,first-class,first-class,first-class,first-class,first-class,first-class,first-class,first-class,first-class,first-class,first-class
effects-sequencing.effect,Effect,first-class,first-class,first-class,first-class,first-class,first-class,first-class,first-class,first-class,first-class,first-class,first-class,first-class,first-class,first-class,first-class,first-class,first-class,first-class,first-class,first-class,first-class,first-class,first-class,first-class,first-class
effects-sequencing.exception,Exception,first-class,first-class,first-class,first-class,first-class,first-class,first-class,first-class,first-class,first-class,first-class,first-class,first-class,first-class,first-class,first-class,first-class,first-class,first-class,first-class,first-class,first-class,first-class,first-class,first-class,first-class
effects-sequencing.generator,Generator,first-class,first-class,first-class,first-class,first-class,first-class,first-class,first-class,first-class,first-class,first-class,first-class,first-class,first-class,first-class,first-class,first-class,first-class,first-class,first-class,first-class,first-class,first-class,first-class,first-class,first-class
effects-sequencing.handler,Handler,first-class,first-class,first-class,first-class,first-class,first-class,first-class,first-class,first-class,first-class,first-class,first-class,first-class,first-class,first-class,first-class,first-class,first-class,first-class,first-class,first-class,first-class,first-class,first-class,first-class,first-class
effects-sequencing.io,Io,first-class,first-class,first-class,first-class,first-class,first-class,first-class,first-class,first-class,first-class,first-class,first-class,first-class,first-class,first-class,first-class,first-class,first-class,first-class,first-class,first-class,first-class,first-class,first-class,first-class,first-class
effects-sequencing.laziness,Laziness,first-class,first-class,first-class,first-class,first-class,first-class,first-class,first-class,first-class,first-class,first-class,first-class,first-class,first-class,first-class,first-class,first-class,first-class,first-class,first-class,first-class,first-class,first-class,first-class,first-class,first-class
effects-sequencing.monad,Monad,first-class,first-class,first-class,first-class,first-class,first-class,first-class,first-class,first-class,first-class,first-class,first-class,first-class,first-class,first-class,first-class,first-class,first-class,first-class,first-class,first-class,first-class,first-class,first-class,first-class,first-class
effects-sequencing.nondeterminism,Nondeterminism,first-class,first-class,first-class,first-class,first-class,first-class,first-class,first-class,first-class,first-class,first-class,first-class,first-class,first-class,first-class,first-class,first-class,first-class,first-class,first-class,first-class,first-class,first-class,first-class,first-class,first-class
effects-sequencing.purity,Purity,first-class,first-class,first-class,first-class,first-class,first-class,first-class,first-class,first-class,first-class,first-class,first-class,first-class,first-class,first-class,first-class,first-class,first-class,first-class,first-class,first-class,first-class,first-class,first-class,first-class,first-class
error-signalling.abort,Abort,first-class,first-class,first-class,first-class,first-class,first-class,first-class,first-class,first-class,first-class,first-class,first-class,first-class,first-class,first-class,first-class,first-class,first-class,first-class,first-class,first-class,first-class,first-class,first-class,first-class,first-class
error-signalling.aggregation,Aggregation,first-class,first-class,first-class,first-class,first-class,first-class,first-class,first-class,first-class,first-class,first-class,first-class,first-class,first-class,first-class,first-class,first-class,first-class,first-class,first-class,first-class,first-class,first-class,first-class,first-class,first-class
error-signalling.atomicity,Atomicity,first-class,first-class,first-class,first-class,first-class,first-class,first-class,first-class,first-class,first-class,first-class,first-class,first-class,first-class,first-class,first-class,first-class,first-class,first-class,first-class,first-class,first-class,first-class,first-class,first-class,first-class
error-signalling.cancellation,Cancellation,first-class,first-class,first-class,first-class,first-class,first-class,first-class,first-class,first-class,first-class,first-class,first-class,first-class,first-class,first-class,first-class,first-class,first-class,first-class,first-class,first-class,first-class,first-class,first-class,first-class,first-class
error-signalling.checked,Checked,first-class,first-class,first-class,first-class,first-class,first-class,first-class,first-class,first-class,first-class,first-class,first-class,first-class,first-class,first-class,first-class,first-class,first-class,first-class,first-class,first-class,first-class,first-class,first-class,first-class,first-class
error-signalling.cleanup,Cleanup,first-class,first-class,first-class,first-class,first-class,first-class,first-class,first-class,first-class,first-class,first-class,first-class,first-class,first-class,first-class,first-class,first-class,first-class,first-class,first-class,first-class,first-class,first-class,first-class,first-class,first-class
error-signalling.codes,Codes,first-class,first-class,first-class,first-class,first-class,first-class,first-class,first-class,first-class,first-class,first-class,first-class,first-class,first-class,first-class,first-class,first-class,first-class,first-class,first-class,first-class,first-class,first-class,first-class,first-class,first-class
error-signalling.context,Context,first-class,first-class,first-class,first-class,first-class,first-class,first-class,first-class,first-class,first-class,first-class,first-class,first-class,first-class,first-class,first-class,first-class,first-class,first-class,first-class,first-class,first-class,first-class,first-class,first-class,first-class
error-signalling.error,Error,first-class,first-class,first-class,first-class,first-class,first-class,first-class,first-class,first-class,first-class,first-class,first-class,first-class,first-class,first-class,first-class,first-class,first-class,first-class,first-class,first-class,first-class,first-class,first-class,first-class,first-class
error-signalling.exception,Exception,first-class,first-class,first-class,first-class,first-class,first-class,first-class,first-class,first-class,first-class,first-class,first-class,first-class,first-class,first-class,first-class,first-class,first-class,first-class,first-class,first-class,first-class,first-class,first-class,first-class,first-class
error-signalling.exceptions,Exceptions,first-class,first-class,first-class,first-class,first-class,first-class,first-class,first-class,first-class,first-class,first-class,first-class,first-class,first-class,first-class,first-class,first-class,first-class,first-class,first-class,first-class,first-class,first-class,first-class,first-class,first-class
error-signalling.failure,Failure,first-class,first-class,first-class,first-class,first-class,first-class,first-class,first-class,first-class,first-class,first-class,first-class,first-class,first-class,first-class,first-class,first-class,first-class,first-class,first-class,first-class,first-class,first-class,first-class,first-class,first-class
error-signalling.option,Option,first-class,first-class,first-class,first-class,first-class,first-class,first-class,first-class,first-class,first-class,first-class,first-class,first-class,first-class,first-class,first-class,first-class,first-class,first-class,first-class,first-class,first-class,first-class,first-class,first-class,first-class
error-signalling.panic,Panic,first-class,first-class,first-class,first-class,first-class,first-class,first-class,first-class,first-class,first-class,first-class,first-class,first-class,first-class,first-class,first-class,first-class,first-class,first-class,first-class,first-class,first-class,first-class,first-class,first-class,first-class
evaluation-order.associativity,Associativity,first-class,first-class,first-class,first-class,first-class,first-class,first-class,first-class,first-class,first-class,first-class,first-class,first-class,first-class,first-class,first-class,first-class,first-class,first-class,first-class,first-class,first-class,first-class,first-class,first-class,first-class
evaluation-order.by,By,first-class,first-class,first-class,first-class,first-class,first-class,first-class,first-class,first-class,first-class,first-class,first-class,first-class,first-class,first-class,first-class,first-class,first-class,first-class,first-class,first-class,first-class,first-class,first-class,first-class,first-class
evaluation-order.call,Call,first-class,first-class,first-class,first-class,first-class,first-class,first-class,first-class,first-class,first-class,first-class,first-class,first-class,first-class,first-class,first-class,first-class,first-class,first-class,first-class,first-class,first-class,first-class,first-class,first-class,first-class
evaluation-order.circuit,Circuit,first-class,first-class,first-class,first-class,first-class,first-class,first-class,first-class,first-class,first-class,first-class,first-class,first-class,first-class,first-class,first-class,first-class,first-class,first-class,first-class,first-class,first-class,first-class,first-class,first-class,first-class
evaluation-order.comprehension,Comprehension,first-class,first-class,first-class,first-class,first-class,first-class,first-class,first-class,first-class,first-class,first-class,first-class,first-class,first-class,first-class,first-class,first-class,first-class,first-class,first-class,first-class,first-class,first-class,first-class,first-class,first-class
evaluation-order.continuation,Continuation,first-class,first-class,first-class,first-class,first-class,first-class,first-class,first-class,first-class,first-class,first-class,first-class,first-class,first-class,first-class,first-class,first-class,first-class,first-class,first-class,first-class,first-class,first-class,first-class,first-class,first-class
evaluation-order.defined,Defined,first-class,first-class,first-class,first-class,first-class,first-class,first-class,first-class,first-class,first-class,first-class,first-class,first-class,first-class,first-class,first-class,first-class,first-class,first-class,first-class,first-class,first-class,first-class,first-class,first-class,first-class
evaluation-order.destruction,Destruction,first-class,first-class,first-class,first-class,first-class,first-class,first-class,first-class,first-class,first-class,first-class,first-class,first-class,first-class,first-class,first-class,first-class,first-class,first-class,first-class,first-class,first-class,first-class,first-class,first-class,first-class
evaluation-order.effect,Effect,first-class,first-class,first-class,first-class,first-class,first-class,first-class,first-class,first-class,first-class,first-class,first-class,first-class,first-class,first-class,first-class,first-class,first-class,first-class,first-class,first-class,first-class,first-class,first-class,first-class,first-class
evaluation-order.evaluation,Evaluation,first-class,first-class,first-class,first-class,first-class,first-class,first-class,first-class,first-class,first-class,first-class,first-class,first-class,first-class,first-class,first-class,first-class,first-class,first-class,first-class,first-class,first-class,first-class,first-class,first-class,first-class
evaluation-order.expansion,Expansion,first-class,first-class,first-class,first-class,first-class,first-class,first-class,first-class,first-class,first-class,first-class,first-class,first-class,first-class,first-class,first-class,first-class,first-class,first-class,first-class,first-class,first-class,first-class,first-class,first-class,first-class
evaluation-order.forcing,Forcing,first-class,first-class,first-class,first-class,first-class,first-class,first-class,first-class,first-class,first-class,first-class,first-class,first-class,first-class,first-class,first-class,first-class,first-class,first-class,first-class,first-class,first-class,first-class,first-class,first-class,first-class
evaluation-order.initialization,Initialization,first-class,first-class,first-class,first-class,first-class,first-class,first-class,first-class,first-class,first-class,first-class,first-class,first-class,first-class,first-class,first-class,first-class,first-class,first-class,first-class,first-class,first-class,first-class,first-class,first-class,first-class
evaluation-order.lazy,Lazy,first-class,first-class,first-class,first-class,first-class,first-class,first-class,first-class,first-class,first-class,first-class,first-class,first-class,first-class,first-class,first-class,first-class,first-class,first-class,first-class,first-class,first-class,first-class,first-class,first-class,first-class
identity-equality.coercive-equality,Coercive equality,first-class,first-class,first-class,first-class,first-class,first-class,first-class,first-class,first-class,first-class,first-class,first-class,first-class,first-class,first-class,first-class,first-class,first-class,first-class,first-class,first-class,first-class,first-class,first-class,first-class,first-class
identity-equality.custom-comparison-protocol,Custom comparison protocols,first-class,first-class,first-class,first-class,first-class,first-class,first-class,first-class,first-class,partial,first-class,first-class,first-class,first-class,first-class,first-class,first-class,first-class,first-class,first-class,first-class,first-class,first-class,first-class,first-class,first-class
identity-equality.entity-identity,Stable entity identity,first-class,first-class,first-class,first-class,first-class,first-class,first-class,first-class,first-class,first-class,first-class,first-class,first-class,first-class,first-class,first-class,first-class,first-class,first-class,first-class,first-class,first-class,first-class,partial,first-class,first-class
identity-equality.equivalence-laws,Equality equivalence laws,first-class,first-class,partial,first-class,first-class,first-class,first-class,first-class,first-class,first-class,first-class,first-class,first-class,first-class,first-class,first-class,first-class,first-class,first-class,first-class,first-class,first-class,first-class,first-class,first-class,first-class
identity-equality.floating-equality,Floating-point exceptional equality,first-class,first-class,partial,first-class,first-class,first-class,first-class,first-class,first-class,first-class,first-class,first-class,first-class,first-class,first-class,first-class,first-class,first-class,first-class,first-class,first-class,first-class,first-class,first-class,first-class,first-class
identity-equality.hash-contract,Equality and hash consistency,first-class,first-class,partial,first-class,first-class,first-class,first-class,first-class,first-class,first-class,first-class,first-class,first-class,first-class,first-class,first-class,first-class,first-class,first-class,first-class,first-class,first-class,first-class,first-class,first-class,first-class
identity-equality.interning,Interning and canonical representatives,first-class,first-class,first-class,first-class,first-class,first-class,first-class,first-class,first-class,partial,first-class,first-class,first-class,first-class,first-class,first-class,first-class,first-class,first-class,first-class,first-class,first-class,first-class,first-class,first-class,first-class
identity-equality.mutable-keys,Mutable hash keys,first-class,first-class,partial,first-class,first-class,first-class,first-class,first-class,first-class,first-class,first-class,first-class,first-class,first-class,first-class,first-class,first-class,first-class,first-class,first-class,first-class,first-class,first-class,first-class,first-class,first-class
identity-equality.null-equality,Unknown and NULL comparison,first-class,first-class,first-class,first-class,first-class,first-class,first-class,first-class,first-class,first-class,first-class,first-class,first-class,first-class,first-class,first-class,first-class,first-class,first-class,first-class,first-class,first-class,first-class,first-class,first-class,first-class
identity-equality.reference-identity,Reference identity,first-class,first-class,first-class,first-class,first-class,first-class,first-class,first-class,first-class,first-class,first-class,first-class,first-class,first-class,first-class,first-class,first-class,first-class,first-class,first-class,first-class,first-class,first-class,first-class,first-class,first-class
identity-equality.same-value,Same-value collection equality,first-class,first-class,first-class,first-class,first-class,first-class,first-class,first-class,first-class,first-class,partial,first-class,first-class,first-class,first-class,first-class,first-class,first-class,first-class,first-class,first-class,first-class,first-class,first-class,first-class,first-class
identity-equality.structural-equality,Structural equality,first-class,first-class,partial,first-class,first-class,first-class,first-class,first-class,first-class,first-class,first-class,first-class,first-class,first-class,first-class,first-class,first-class,first-class,first-class,first-class,first-class,first-class,first-class,first-class,first-class,first-class
identity-equality.total-order,Total ordering,first-class,first-class,partial,first-class,first-class,first-class,first-class,first-class,first-class,first-class,first-class,first-class,first-class,first-class,first-class,first-class,first-class,first-class,first-class,first-class,first-class,first-class,first-class,first-class,first-class,first-class
identity-equality.unicode-equivalence,Unicode canonical equivalence,first-class,first-class,first-class,first-class,first-class,first-class,first-class,first-class,first-class,first-class,partial,first-class,first-class,first-class,first-class,first-class,first-class,first-class,first-class,first-class,first-class,first-class,first-class,first-class,first-class,first-class
memory-lifetime.allocation,Allocation,first-class,first-class,first-class,first-class,first-class,first-class,first-class,first-class,first-class,first-class,first-class,first-class,first-class,first-class,first-class,first-class,first-class,first-class,first-class,first-class,first-class,first-class,first-class,first-class,first-class,first-class
memory-lifetime.allocator,Allocator,first-class,first-class,first-class,first-class,first-class,first-class,first-class,first-class,first-class,first-class,first-class,first-class,first-class,first-class,first-class,first-class,first-class,first-class,first-class,first-class,first-class,first-class,first-class,first-class,first-class,first-class
memory-lifetime.analysis,Analysis,first-class,first-class,first-class,first-class,first-class,first-class,first-class,first-class,first-class,first-class,first-class,first-class,first-class,first-class,first-class,first-class,first-class,first-class,first-class,first-class,first-class,first-class,first-class,first-class,first-class,first-class
memory-lifetime.arenas,Arenas,first-class,first-class,first-class,first-class,first-class,first-class,first-class,first-class,first-class,first-class,first-class,first-class,first-class,first-class,first-class,first-class,first-class,first-class,first-class,first-class,first-class,first-class,first-class,first-class,first-class,first-class
memory-lifetime.borrowing,Borrowing,partial,absent-by-design,first-class,absent-by-design,absent-by-design,absent-by-design,absent-by-design,absent-by-design,absent-by-design,absent-by-design,absent-by-design,absent-by-design,absent-by-design,absent-by-design,absent-by-design,absent-by-design,absent-by-design,absent-by-design,absent-by-design,absent-by-design,absent-by-design,absent-by-design,absent-by-design,absent-by-design,absent-by-design,absent-by-design
memory-lifetime.cleanup,Cleanup,first-class,first-class,first-class,first-class,first-class,first-class,first-class,first-class,first-class,first-class,first-class,first-class,first-class,first-class,first-class,first-class,first-class,first-class,first-class,first-class,first-class,first-class,first-class,first-class,first-class,first-class
memory-lifetime.cycle,Cycle,absent-by-design,absent-by-design,absent-by-design,absent-by-design,first-class,first-class,first-class,absent-by-design,first-class,first-class,first-class,first-class,first-class,first-class,absent-by-design,first-class,first-class,first-class,first-class,first-class,absent-by-design,absent-by-design,absent-by-design,absent-by-design,absent-by-design,first-class
memory-lifetime.dangling,Dangling,first-class,first-class,first-class,first-class,first-class,first-class,first-class,first-class,first-class,first-class,first-class,first-class,first-class,first-class,first-class,first-class,first-class,first-class,first-class,first-class,first-class,first-class,first-class,first-class,first-class,first-class
memory-lifetime.detection,Detection,first-class,first-class,first-class,first-class,first-class,first-class,first-class,first-class,first-class,first-class,first-class,first-class,first-class,first-class,first-class,first-class,first-class,first-class,first-class,first-class,first-class,first-class,first-class,first-class,first-class,first-class
memory-lifetime.drop,Drop,first-class,first-class,first-class,first-class,first-class,first-class,first-class,first-class,first-class,first-class,first-class,first-class,first-class,first-class,first-class,first-class,first-class,first-class,first-class,first-class,first-class,first-class,first-class,first-class,first-class,first-class
memory-lifetime.escape,Escape,first-class,first-class,first-class,first-class,first-class,first-class,first-class,first-class,first-class,first-class,first-class,first-class,first-class,first-class,first-class,first-class,first-class,first-class,first-class,first-class,first-class,first-class,first-class,first-class,first-class,first-class
memory-lifetime.finalization,Finalization,first-class,first-class,first-class,first-class,first-class,first-class,first-class,first-class,first-class,first-class,first-class,first-class,first-class,first-class,first-class,first-class,first-class,first-class,first-class,first-class,first-class,first-class,first-class,first-class,first-class,first-class
memory-lifetime.free,Free,first-class,first-class,first-class,first-class,first-class,first-class,first-class,first-class,first-class,first-class,first-class,first-class,first-class,first-class,first-class,first-class,first-class,first-class,first-class,first-class,first-class,first-class,first-class,first-class,first-class,first-class
memory-lifetime.lifetime,Lifetime,partial,absent-by-design,first-class,absent-by-design,absent-by-design,absent-by-design,absent-by-design,absent-by-design,absent-by-design,absent-by-design,absent-by-design,absent-by-design,absent-by-design,absent-by-design,absent-by-design,absent-by-design,absent-by-design,absent-by-design,absent-by-design,absent-by-design,absent-by-design,absent-by-design,absent-by-design,absent-by-design,absent-by-design,absent-by-design
memory-lifetime.linear,Linear,first-class,first-class,first-class,first-class,first-class,first-class,first-class,first-class,first-class,first-class,first-class,first-class,first-class,first-class,first-class,first-class,first-class,first-class,first-class,first-class,first-class,first-class,first-class,first-class,first-class,first-class
metaprogramming.annotation,Annotation,first-class,first-class,first-class,first-class,first-class,first-class,first-class,first-class,first-class,first-class,first-class,first-class,first-class,first-class,first-class,first-class,first-class,first-class,first-class,first-class,first-class,first-class,first-class,first-class,first-class,first-class
metaprogramming.ast,Ast,first-class,first-class,first-class,first-class,first-class,first-class,first-class,first-class,first-class,first-class,first-class,first-class,first-class,first-class,first-class,first-class,first-class,first-class,first-class,first-class,first-class,first-class,first-class,first-class,first-class,first-class
metaprogramming.attribute,Attribute,first-class,first-class,first-class,first-class,first-class,first-class,first-class,first-class,first-class,first-class,first-class,first-class,first-class,first-class,first-class,first-class,first-class,first-class,first-class,first-class,first-class,first-class,first-class,first-class,first-class,first-class
metaprogramming.code,Code,first-class,first-class,first-class,first-class,first-class,first-class,first-class,first-class,first-class,first-class,first-class,first-class,first-class,first-class,first-class,first-class,first-class,first-class,first-class,first-class,first-class,first-class,first-class,first-class,first-class,first-class
metaprogramming.compile,Compile,first-class,first-class,first-class,first-class,first-class,first-class,first-class,first-class,first-class,first-class,first-class,first-class,first-class,first-class,first-class,first-class,first-class,first-class,first-class,first-class,first-class,first-class,first-class,first-class,first-class,first-class
metaprogramming.compiler,Compiler,first-class,first-class,first-class,first-class,first-class,first-class,first-class,first-class,first-class,first-class,first-class,first-class,first-class,first-class,first-class,first-class,first-class,first-class,first-class,first-class,first-class,first-class,first-class,first-class,first-class,first-class
metaprogramming.constant,Constant,first-class,first-class,first-class,first-class,first-class,first-class,first-class,first-class,first-class,first-class,first-class,first-class,first-class,first-class,first-class,first-class,first-class,first-class,first-class,first-class,first-class,first-class,first-class,first-class,first-class,first-class
metaprogramming.decorator,Decorator,first-class,first-class,first-class,first-class,first-class,first-class,first-class,first-class,first-class,first-class,first-class,first-class,first-class,first-class,first-class,first-class,first-class,first-class,first-class,first-class,first-class,first-class,first-class,first-class,first-class,first-class
metaprogramming.derive,Derive,first-class,first-class,first-class,first-class,first-class,first-class,first-class,first-class,first-class,first-class,first-class,first-class,first-class,first-class,first-class,first-class,first-class,first-class,first-class,first-class,first-class,first-class,first-class,first-class,first-class,first-class
metaprogramming.dsl,Dsl,first-class,first-class,first-class,first-class,first-class,first-class,first-class,first-class,first-class,first-class,first-class,first-class,first-class,first-class,first-class,first-class,first-class,first-class,first-class,first-class,first-class,first-class,first-class,first-class,first-class,first-class
metaprogramming.embedding,Embedding,first-class,first-class,first-class,first-class,first-class,first-class,first-class,first-class,first-class,first-class,first-class,first-class,first-class,first-class,first-class,first-class,first-class,first-class,first-class,first-class,first-class,first-class,first-class,first-class,first-class,first-class
metaprogramming.evaluation,Evaluation,first-class,first-class,first-class,first-class,first-class,first-class,first-class,first-class,first-class,first-class,first-class,first-class,first-class,first-class,first-class,first-class,first-class,first-class,first-class,first-class,first-class,first-class,first-class,first-class,first-class,first-class
metaprogramming.extension,Extension,first-class,first-class,first-class,first-class,first-class,first-class,first-class,first-class,first-class,first-class,first-class,first-class,first-class,first-class,first-class,first-class,first-class,first-class,first-class,first-class,first-class,first-class,first-class,first-class,first-class,first-class
metaprogramming.generation,Generation,first-class,first-class,first-class,first-class,first-class,first-class,first-class,first-class,first-class,first-class,first-class,first-class,first-class,first-class,first-class,first-class,first-class,first-class,first-class,first-class,first-class,first-class,first-class,first-class,first-class,first-class
modules.boundary,Boundary,first-class,first-class,first-class,first-class,first-class,first-class,first-class,first-class,first-class,first-class,first-class,first-class,first-class,first-class,first-class,first-class,first-class,first-class,first-class,first-class,first-class,first-class,first-class,first-class,first-class,first-class
modules.capability,Capability,first-class,first-class,first-class,first-class,first-class,first-class,first-class,first-class,first-class,first-class,first-class,first-class,first-class,first-class,first-class,first-class,first-class,first-class,first-class,first-class,first-class,first-class,first-class,first-class,first-class,first-class
modules.compilation,Compilation,first-class,first-class,first-class,first-class,first-class,first-class,first-class,first-class,first-class,first-class,first-class,first-class,first-class,first-class,first-class,first-class,first-class,first-class,first-class,first-class,first-class,first-class,first-class,first-class,first-class,first-class
modules.crate,Crate,first-class,first-class,first-class,first-class,first-class,first-class,first-class,first-class,first-class,first-class,first-class,first-class,first-class,first-class,first-class,first-class,first-class,first-class,first-class,first-class,first-class,first-class,first-class,first-class,first-class,first-class
modules.cyclic,Cyclic,first-class,first-class,first-class,first-class,first-class,first-class,first-class,first-class,first-class,first-class,first-class,first-class,first-class,first-class,first-class,first-class,first-class,first-class,first-class,first-class,first-class,first-class,first-class,first-class,first-class,first-class
modules.dependency,Dependency,first-class,first-class,first-class,first-class,first-class,first-class,first-class,first-class,first-class,first-class,first-class,first-class,first-class,first-class,first-class,first-class,first-class,first-class,first-class,first-class,first-class,first-class,first-class,first-class,first-class,first-class
modules.export,Export,first-class,first-class,first-class,first-class,first-class,first-class,first-class,first-class,first-class,first-class,first-class,first-class,first-class,first-class,first-class,first-class,first-class,first-class,first-class,first-class,first-class,first-class,first-class,first-class,first-class,first-class
modules.file,File,first-class,first-class,first-class,first-class,first-class,first-class,first-class,first-class,first-class,first-class,first-class,first-class,first-class,first-class,first-class,first-class,first-class,first-class,first-class,first-class,first-class,first-class,first-class,first-class,first-class,first-class
modules.friend,Friend,first-class,first-class,first-class,first-class,first-class,first-class,first-class,first-class,first-class,first-class,first-class,first-class,first-class,first-class,first-class,first-class,first-class,first-class,first-class,first-class,first-class,first-class,first-class,first-class,first-class,first-class
modules.header,Header,first-class,first-class,first-class,first-class,first-class,first-class,first-class,first-class,first-class,first-class,first-class,first-class,first-class,first-class,first-class,first-class,first-class,first-class,first-class,first-class,first-class,first-class,first-class,first-class,first-class,first-class
modules.import,Import,first-class,first-class,first-class,first-class,first-class,first-class,first-class,first-class,first-class,first-class,first-class,first-class,first-class,first-class,first-class,first-class,first-class,first-class,first-class,first-class,first-class,first-class,first-class,first-class,first-class,first-class
modules.initialization,Initialization,first-class,first-class,first-class,first-class,first-class,first-class,first-class,first-class,first-class,first-class,first-class,first-class,first-class,first-class,first-class,first-class,first-class,first-class,first-class,first-class,first-class,first-class,first-class,first-class,first-class,first-class
modules.injection,Injection,first-class,first-class,first-class,first-class,first-class,first-class,first-class,first-class,first-class,first-class,first-class,first-class,first-class,first-class,first-class,first-class,first-class,first-class,first-class,first-class,first-class,first-class,first-class,first-class,first-class,first-class
modules.interface,Interface,first-class,first-class,first-class,first-class,first-class,first-class,first-class,first-class,first-class,first-class,first-class,first-class,first-class,first-class,first-class,first-class,first-class,first-class,first-class,first-class,first-class,first-class,first-class,first-class,first-class,first-class
mutability-aliasing.aliasing,Shared aliases,first-class,first-class,first-class,first-class,first-class,first-class,first-class,first-class,first-class,first-class,first-class,first-class,first-class,first-class,first-class,first-class,first-class,first-class,first-class,first-class,first-class,first-class,first-class,first-class,first-class,first-class
mutability-aliasing.atomic-update,Atomic updates,first-class,first-class,partial,first-class,first-class,first-class,first-class,first-class,first-class,first-class,first-class,first-class,first-class,first-class,first-class,first-class,first-class,first-class,first-class,first-class,first-class,first-class,first-class,first-class,first-class,first-class
mutability-aliasing.binding-immutability,Binding immutability,first-class,first-class,first-class,first-class,first-class,first-class,first-class,first-class,first-class,first-class,first-class,first-class,first-class,first-class,first-class,first-class,first-class,first-class,first-class,first-class,first-class,first-class,first-class,first-class,first-class,first-class
mutability-aliasing.copy-on-write,Copy on write,first-class,first-class,partial,first-class,first-class,first-class,first-class,first-class,first-class,first-class,first-class,first-class,first-class,first-class,first-class,first-class,first-class,first-class,first-class,first-class,first-class,first-class,first-class,first-class,first-class,first-class
mutability-aliasing.dynamic-borrow-checking,Dynamic borrow checking,first-class,first-class,partial,first-class,first-class,first-class,first-class,first-class,first-class,first-class,first-class,first-class,first-class,first-class,first-class,first-class,first-class,first-class,first-class,first-class,first-class,first-class,first-class,first-class,first-class,first-class
mutability-aliasing.exclusive-borrow,Exclusive mutable borrowing,first-class,first-class,first-class,first-class,first-class,first-class,first-class,first-class,first-class,first-class,first-class,first-class,first-class,first-class,first-class,first-class,first-class,first-class,first-class,first-class,first-class,first-class,first-class,first-class,first-class,first-class
mutability-aliasing.interior-mutability,Interior mutability,first-class,first-class,partial,first-class,first-class,first-class,first-class,first-class,first-class,first-class,first-class,first-class,first-class,first-class,first-class,first-class,first-class,first-class,first-class,first-class,first-class,first-class,first-class,first-class,first-class,first-class
mutability-aliasing.mutex-guarded-mutation,Mutex-guarded mutation,first-class,first-class,partial,first-class,first-class,first-class,first-class,first-class,first-class,first-class,first-class,first-class,first-class,first-class,first-class,first-class,first-class,first-class,first-class,first-class,first-class,first-class,first-class,first-class,first-class,first-class
mutability-aliasing.persistent-structures,Persistent data structures,first-class,first-class,first-class,first-class,first-class,first-class,first-class,first-class,first-class,first-class,first-class,first-class,first-class,first-class,first-class,first-class,first-class,first-class,partial,first-class,first-class,first-class,first-class,first-class,first-class,first-class
mutability-aliasing.read-only-view,Read-only views,first-class,first-class,first-class,first-class,first-class,first-class,first-class,first-class,first-class,partial,first-class,first-class,first-class,first-class,first-class,first-class,first-class,first-class,first-class,first-class,first-class,first-class,first-class,first-class,first-class,first-class
mutability-aliasing.shallow-deep-copy,Shallow and deep copy,first-class,first-class,first-class,first-class,first-class,first-class,first-class,first-class,first-class,partial,first-class,first-class,first-class,first-class,first-class,first-class,first-class,first-class,first-class,first-class,first-class,first-class,first-class,first-class,first-class,first-class
mutability-aliasing.shallow-freeze,Shallow object freezing,first-class,first-class,first-class,first-class,first-class,first-class,first-class,first-class,first-class,first-class,partial,first-class,first-class,first-class,first-class,first-class,first-class,first-class,first-class,first-class,first-class,first-class,first-class,first-class,first-class,first-class
mutability-aliasing.transient-builders,Transient collection builders,first-class,first-class,first-class,first-class,first-class,first-class,first-class,first-class,first-class,first-class,first-class,first-class,first-class,first-class,first-class,first-class,first-class,first-class,partial,first-class,first-class,first-class,first-class,first-class,first-class,first-class
mutability-aliasing.value-semantics,Value semantics,first-class,first-class,first-class,first-class,first-class,first-class,first-class,first-class,first-class,first-class,first-class,first-class,first-class,first-class,first-class,first-class,first-class,first-class,first-class,first-class,first-class,first-class,first-class,first-class,first-class,first-class
syntactic-ergonomics.arguments,Arguments,first-class,first-class,first-class,first-class,first-class,first-class,first-class,first-class,first-class,first-class,first-class,first-class,first-class,first-class,first-class,first-class,first-class,first-class,first-class,first-class,first-class,first-class,first-class,first-class,first-class,first-class
syntactic-ergonomics.ascription,Ascription,first-class,first-class,first-class,first-class,first-class,first-class,first-class,first-class,first-class,first-class,first-class,first-class,first-class,first-class,first-class,first-class,first-class,first-class,first-class,first-class,first-class,first-class,first-class,first-class,first-class,first-class
syntactic-ergonomics.async,Async,first-class,first-class,first-class,first-class,first-class,first-class,first-class,first-class,first-class,first-class,first-class,first-class,first-class,first-class,first-class,first-class,first-class,first-class,first-class,first-class,first-class,first-class,first-class,first-class,first-class,first-class
syntactic-ergonomics.chaining,Chaining,first-class,first-class,first-class,first-class,first-class,first-class,first-class,first-class,first-class,first-class,first-class,first-class,first-class,first-class,first-class,first-class,first-class,first-class,first-class,first-class,first-class,first-class,first-class,first-class,first-class,first-class
syntactic-ergonomics.clauses,Clauses,first-class,first-class,first-class,first-class,first-class,first-class,first-class,first-class,first-class,first-class,first-class,first-class,first-class,first-class,first-class,first-class,first-class,first-class,first-class,first-class,first-class,first-class,first-class,first-class,first-class,first-class
syntactic-ergonomics.coalescing,Coalescing,first-class,first-class,first-class,first-class,first-class,first-class,first-class,first-class,first-class,first-class,first-class,first-class,first-class,first-class,first-class,first-class,first-class,first-class,first-class,first-class,first-class,first-class,first-class,first-class,first-class,first-class
syntactic-ergonomics.comprehensions,Comprehensions,first-class,first-class,first-class,first-class,first-class,first-class,first-class,first-class,first-class,first-class,first-class,first-class,first-class,first-class,first-class,first-class,first-class,first-class,first-class,first-class,first-class,first-class,first-class,first-class,first-class,first-class
syntactic-ergonomics.decorators,Decorators,first-class,first-class,first-class,first-class,first-class,first-class,first-class,first-class,first-class,first-class,first-class,first-class,first-class,first-class,first-class,first-class,first-class,first-class,first-class,first-class,first-class,first-class,first-class,first-class,first-class,first-class
syntactic-ergonomics.default,Default,first-class,first-class,first-class,first-class,first-class,first-class,first-class,first-class,first-class,first-class,first-class,first-class,first-class,first-class,first-class,first-class,first-class,first-class,first-class,first-class,first-class,first-class,first-class,first-class,first-class,first-class
syntactic-ergonomics.desugaring,Desugaring,first-class,first-class,first-class,first-class,first-class,first-class,first-class,first-class,first-class,first-class,first-class,first-class,first-class,first-class,first-class,first-class,first-class,first-class,first-class,first-class,first-class,first-class,first-class,first-class,first-class,first-class
syntactic-ergonomics.early,Early,first-class,first-class,first-class,first-class,first-class,first-class,first-class,first-class,first-class,first-class,first-class,first-class,first-class,first-class,first-class,first-class,first-class,first-class,first-class,first-class,first-class,first-class,first-class,first-class,first-class,first-class
syntactic-ergonomics.error,Error,first-class,first-class,first-class,first-class,first-class,first-class,first-class,first-class,first-class,first-class,first-class,first-class,first-class,first-class,first-class,first-class,first-class,first-class,first-class,first-class,first-class,first-class,first-class,first-class,first-class,first-class
syntactic-ergonomics.generators,Generators,first-class,first-class,first-class,first-class,first-class,first-class,first-class,first-class,first-class,first-class,first-class,first-class,first-class,first-class,first-class,first-class,first-class,first-class,first-class,first-class,first-class,first-class,first-class,first-class,first-class,first-class
syntactic-ergonomics.guard,Guard,first-class,first-class,first-class,first-class,first-class,first-class,first-class,first-class,first-class,first-class,first-class,first-class,first-class,first-class,first-class,first-class,first-class,first-class,first-class,first-class,first-class,first-class,first-class,first-class,first-class,first-class
